BLART,BUKRS,XBLNR,BKTXT,WAERS,BLDAT,BUDAT,NEWBS,NEWKO,WRBTR,SGTXT,ZUONR,PROJK,KOSTL,MWSKZ,WMWST,METH,KURSF,WAERS2,YUUD,STCD
KW,2001,1218-1648,Ant 5031739 - Veracruz,MXN,04.10.2012,04.10.2012,31,5031739,1160,ANTICIPO VIAJE A VERACRUZ- CAPACITACION,1218-1648,,,,,T,1,,,
KW,2001,1218-1648,Ant 5031739 - Veracruz,MXN,04.10.2012,04.10.2012,40,11030500,1160,ANTICIPO VIAJE A VERACRUZ- CAPACITACION,1218-1648,,,,,,,,,
KT,2001,1218-1648,Comp 5031739 - Veracruz,MXN,05.10.2012,10.10.2012,50,11030500,1160,Comprobacion Viaje Veracruz 04.10.2016,1218-1648,,,,160,,,,,
KT,2001,1218-1648,Comp 5031739 - Veracruz,MXN,05.10.2012,10.10.2012,40,60001000,1000,,1218-1648,,2001020190,WI,,,1,,8343EAD6-FEC0-4937-8219-50CF7E 1AC6A6,DUVY7103275Z6
KT,2001,1218-1648,Comp 5031739 - Veracruz,MXN,05.10.2012,10.10.2012,40,20034001,160,,1218-1648,,,WI,,,1,,8343EAD6-FEC0-4937-8219-50CF7E 1AC6A6,DUVY7103275Z6
