<?xml version="1.0" encoding="UTF-8"?>

<mule xmlns:mulexml="http://www.mulesoft.org/schema/mule/xml" 
      xmlns:tracking="http://www.mulesoft.org/schema/mule/ee/tracking" 
      xmlns:sap="http://www.mulesoft.org/schema/mule/sap" 
      xmlns:dw="http://www.mulesoft.org/schema/mule/ee/dw" 
      xmlns:metadata="http://www.mulesoft.org/schema/mule/metadata" 
      xmlns="http://www.mulesoft.org/schema/mule/core" 
      xmlns:doc="http://www.mulesoft.org/schema/mule/documentation"
      xmlns:spring="http://www.springframework.org/schema/beans" 
      xmlns:xsi="http://www.w3.org/2001/XMLSchema-instance"
      xsi:schemaLocation="http://www.springframework.org/schema/beans http://www.springframework.org/schema/beans/spring-beans-current.xsd
http://www.mulesoft.org/schema/mule/core http://www.mulesoft.org/schema/mule/core/current/mule.xsd
http://www.mulesoft.org/schema/mule/ee/dw http://www.mulesoft.org/schema/mule/ee/dw/current/dw.xsd
http://www.mulesoft.org/schema/mule/sap http://www.mulesoft.org/schema/mule/sap/current/mule-sap.xsd
http://www.mulesoft.org/schema/mule/ee/tracking http://www.mulesoft.org/schema/mule/ee/tracking/current/mule-tracking-ee.xsd
http://www.mulesoft.org/schema/mule/xml http://www.mulesoft.org/schema/mule/xml/current/mule-xml.xsd">
                              
    <flow name="mxpSendAccountingPoliciesToSAPFlow" 
          processingStrategy="synchronous" 
          doc:description="Transforms the policies structured list to SAP XML and then is sent the XML information to post the policies in SAP. At the end of the flow the SAP response is logged.">
        <set-variable variableName="sapFormatDate" 
                      value="${sap.formatDate}" 
                      doc:name="Set sapFormatDate Variable" 
                      doc:description="Reads the SAP date format from the properties file"/>
        <logger message="#['\n\n[' + flowVars.appSource + '] TOTAL OF POLICIES TO SEND TO SAP: ' + flowVars.policiesQty]" 
                level="INFO" 
                doc:name="Policies Total Log" 
                doc:description="Logs the policies total read from the CSV file"/>
        
        <dw:transform-message metadata:id="ae5826ba-3a8d-46ff-96c3-83ebfb81cb96" 
                              doc:name="Structured List to XML"
                              doc:description="Transforms the structured list to the XML input required by SAP">
            <dw:input-payload mimeType="application/java"/>
            <dw:input-variable doc:sample="sample_data\string_1.dwl" 
                               mimeType="application/java" 
                               variableName="policiesQty"/>
            <dw:input-variable doc:sample="sample_data\string_2.dwl" 
                               mimeType="application/java" 
                               variableName="appSource"/>
            <dw:set-payload>
                <![CDATA[
%dw 1.0
%output application/xml
---
ZPIMF_ANTGV01: {
    import: {
        IS_CONTROL: {
            SRC: flowVars['appSource'],
            QTY: flowVars['policiesQty']
        },
        IT_TABLE1 : {
            (payload map ((policy, indexOfRow) -> {
                row: {
                    BLART: policy['BLART'],
                    BUKRS: policy['BUKRS'],
                    XBLNR: policy['XBLNR'],
                    BKTXT: policy['BKTXT'],
                    WAERS: policy['WAERS'],
                    BLDAT: policy['BLDAT'] as :date {format: flowVars['mxpCSVFormatDate']} as :string {format: flowVars['sapFormatDate']},
                    BUDAT: policy['BUDAT']  as :date {format: flowVars['mxpCSVFormatDate']} as :string {format: flowVars['sapFormatDate']},
                    QTY_ITEMS: policy['QTY_ITEMS'],
                    ITEMS: {
                        (policy['items'] map ((item, indexOfRow) -> {
                            row: {
                                NEWBS: item['NEWBS'],
                                HKONT: (((upper item['HKONT']) replace /ABI.32/ with "5") as :number) as :string {format:"0000000000"} when (item['NEWBS'] == "31" or item['NEWBS'] == "21") otherwise item['HKONT'],
                                WRBTR: item['WRBTR'],
                                SGTXT: item['SGTXT'],
                                ZUONR: item['ZUONR'],
                                PROJK: item['PROJK'],
                                KOSTL: item['KOSTL'],
                                MWSKZ: item['MWSKZ'],
                                WMWST: item['WMWST'],
                                DZLSCH: item['DZLSCH'],
                                KURSF: item['KURSF'],
                                UUID: item['UUID'],
                                STCD1: item['STCD1']
                            }
                        }))
                    }
                }
            }))
        }
    }
}
                ]]>
            </dw:set-payload>
        </dw:transform-message>
        
        <logger message="#['\n\n[' + flowVars.appSource + '] XML FORMAT:\n' + message.payloadAs(java.lang.String) + '\n\n['+ flowVars.appSource +'] CALLING TO SAP - ZPIMF_ANTGV01\n']" 
                level="INFO" 
                doc:name="XML Log" 
                doc:description="Log the SAP XML generated"/>
        <sap:xml-to-function doc:name="XML to SAP Function (BAPI)" 
                             doc:description="Transforms the XML to SAP Function (BAPI)"/>
        <sap:outbound-endpoint exchange-pattern="request-response" 
                               connector-ref="SAP_Connection" 
                               type="function" 
                               functionName="ZPIMF_ANTGV01" 
                               outputXml="true" 
                               responseTimeout="10000" 
                               doc:name="Execute ZPIMF_ANTGV01" 
                               doc:description="Calls the ZPIMF_ANTGV01 BAPI"/>

        
        <dw:transform-message metadata:id="da154826-4b3c-473a-a751-dcb6585ddf5f" 
                              doc:name="Transform to JSON Response"
                              doc:description="Transform the XML response to JSON format">
            <dw:input-payload mimeType="application/xml"/>
            <dw:set-payload>
                <![CDATA[
%dw 1.0
%output application/json
---
{
    SAPResponse: payload.ZPIMF_ANTGV01.export.ET_RETURN.*row map ((row , indexOfRow) -> {
        type: row['TYPE'],
        message: row['MESSAGE']
    })
}
                ]]>
            </dw:set-payload>
        </dw:transform-message>

        <logger message="#['\n\n[' + flowVars.appSource + '] SAP RESPONSE TRANSFORMED TO JSON: \n' + message.payloadAs(java.lang.String)]" 
                level="INFO" 
                doc:name="JSON Response Log" 
                doc:description="Logs the JSON response"/>
        <remove-variable variableName="sapFormatDate" 
                         doc:name="Remove sapFormatDate Variable" 
                         doc:description="Removes from memory the sapFormatDate variable"/>
    </flow>
</mule>
