<?xml version="1.0" encoding="UTF-8"?>

<mule xmlns:tracking="http://www.mulesoft.org/schema/mule/ee/tracking" xmlns:sftp="http://www.mulesoft.org/schema/mule/sftp"
      xmlns:mulexml="http://www.mulesoft.org/schema/mule/xml"
      xmlns:schedulers="http://www.mulesoft.org/schema/mule/schedulers"
      xmlns:dw="http://www.mulesoft.org/schema/mule/ee/dw"
      xmlns:file="http://www.mulesoft.org/schema/mule/file"
      xmlns:ftp="http://www.mulesoft.org/schema/mule/ee/ftp"
      xmlns:sap="http://www.mulesoft.org/schema/mule/sap"
      xmlns="http://www.mulesoft.org/schema/mule/core" xmlns:doc="http://www.mulesoft.org/schema/mule/documentation"
      xmlns:spring="http://www.springframework.org/schema/beans" 
      xmlns:xsi="http://www.w3.org/2001/XMLSchema-instance"
      xsi:schemaLocation="http://www.mulesoft.org/schema/mule/sftp http://www.mulesoft.org/schema/mule/sftp/current/mule-sftp.xsd
http://www.mulesoft.org/schema/mule/xml http://www.mulesoft.org/schema/mule/xml/current/mule-xml.xsd
http://www.mulesoft.org/schema/mule/schedulers http://www.mulesoft.org/schema/mule/schedulers/current/mule-schedulers.xsd
http://www.mulesoft.org/schema/mule/ee/dw http://www.mulesoft.org/schema/mule/ee/dw/current/dw.xsd
http://www.mulesoft.org/schema/mule/file http://www.mulesoft.org/schema/mule/file/current/mule-file.xsd
http://www.mulesoft.org/schema/mule/ee/ftp http://www.mulesoft.org/schema/mule/ee/ftp/current/mule-ftp-ee.xsd
http://www.mulesoft.org/schema/mule/sap http://www.mulesoft.org/schema/mule/sap/current/mule-sap.xsd
http://www.springframework.org/schema/beans http://www.springframework.org/schema/beans/spring-beans-current.xsd
http://www.mulesoft.org/schema/mule/core http://www.mulesoft.org/schema/mule/core/current/mule.xsd
http://www.mulesoft.org/schema/mule/ee/tracking http://www.mulesoft.org/schema/mule/ee/tracking/current/mule-tracking-ee.xsd">

    <flow name="mxpSendMasterDataToMobileXpenseFlow"  
          processingStrategy="synchronous" 
          doc:description="This flow retrives from SAP the cost centers and PEP elements (CAPEX or WBS elements). Depending of the information type, cost center or PEP element, calls the corresponding subflow.">
        <poll doc:name="SFTP Polling" 
              doc:description="Sets the time when the flow will be executed. Also sets and saves the date that will be used to call SAP BAPI.">
            <schedulers:cron-scheduler expression="0 30 20 * * ?"/>
                <watermark variable="dataMasterDate" 
                           default-expression="02-12-2016" 
                           update-expression="#[server.dateTime.plusDays(1).format('dd-MM-yyyy')]"/>
            <set-payload value="&lt;ZPIMF_ANTGVDM&gt; &lt;import&gt;&lt;IS_DATAB&gt;#[new org.mule.el.datetime.DateTime(dataMasterDate, 'dd-MM-yyyy').format('yyyyMMdd')]&lt;/IS_DATAB&gt;&lt;IS_DATBI&gt;#[new org.mule.el.datetime.DateTime(dataMasterDate, 'dd-MM-yyyy').format('yyyyMMdd')]&lt;/IS_DATBI&gt;&lt;/import&gt; &lt;/ZPIMF_ANTGVDM&gt;" 
                         doc:name="Set XML Input to Call SAP" 
                         doc:description="Sets the XML used to call the SAP BAPI"/>
        </poll>
        <logger message="#['\n\n********* STARTING - MobileXpense Master Data *******************\n\n[MobileXpense] CALLING SAP - ZPIMF_ANTGVDM\n\n' + message.payloadAs(java.lang.String)]" 
                level="INFO" 
                doc:name="Starting Log" 
                doc:description="Logs the starting of the flow"/>
        <sap:outbound-endpoint exchange-pattern="request-response" 
                               connector-ref="SAP_Connection" 
                               type="function" 
                               functionName="ZPIMF_ANTGVDM" 
                               outputXml="true" 
                               responseTimeout="30000" 
                               doc:name="Execute ZPIMF_ANTGVDM" 
                               doc:description="Calls the ZPIMF_ANTGVDM BAPI"/>
        <sap:object-to-xml doc:name="SAP Object to XML" 
                           doc:description="Transforms the SAP Response to XML"/>
        <logger message="#['\n\n[MobileXpense] SAP XML RESPONSE:\n' + message.payloadAs(java.lang.String)]" 
                level="INFO" doc:name="SAP Response Log" 
                doc:description="Logs the SAP Response"/>
        
        <foreach collection="#[xpath3('//ZPIMF_ANTGVDM/export/*', payload, 'NODESET')]" 
                 doc:name="For Each DM Element" 
                 doc:description="Iterates the SAP XML elements response (cost centers and PEP elements)">
            <mulexml:dom-to-xml-transformer doc:name="DOM to XML" 
                                            doc:description="Transforms the element from DOM object to XML"/>
            
            <choice doc:name="Choice DM Element" 
                    doc:description="Chooses the corresponding flow depending of the type element (cost centers or PEP items). If the element is neither of the previous elements logs a warning message.">
                <when expression="#[xpath3('//ES_CECO', payload, 'BOOLEAN')]">
                    <flow-ref name="mxpWriteCECOFileFlow" doc:name="mxpWriteCECOFileFlow" 
                              doc:description="Calls the mxpWriteCECOFileFlow flow"/>
                </when>
                <when expression="#[xpath3('//ES_PEP', payload, 'BOOLEAN')]">
                    <flow-ref name="mxpWritePEPFileFlow" 
                              doc:name="mxpWritePEPFileFlow" 
                              doc:description="Calls the mxpWritePEPFileFlow flow"/>
                </when>
                <otherwise>
                    <logger message="#['\n\n*************** CECO or PEP INFO NOT AVAILABLE *****************']" 
                            level="INFO" 
                            doc:name="No Info Available Log" 
                            doc:description="Log a warning message which indicates that the element is not cost centers niether PEP elements type"/>
                </otherwise>
            </choice>
        </foreach>
        
        <logger message="#['\n\n********* ENDING - MobileXpense Master Data - NEXT DATE VALUE (' + server.dateTime.plusDays(1).format('dd-MM-yyyy') + ') *******************']"
                level="INFO" 
                doc:name="Ending Log" 
                doc:description="Logs the ending of the flow"/>
    </flow>
    
    <flow name="mxpWriteCECOFileFlow" 
          processingStrategy="synchronous" 
          doc:description="This flow transforms the CECO XML to CSV format and writes it in the OUTBOUND folder in the SFTP">
    	<set-variable variableName="recordsQtyCECO" 
    	              value="#[xpath3('count(//ES_CECO/row)', payload)]" 
    	              doc:name="Set recordsQtyCECO Variable" 
    	              doc:description="Counts how many records have the CECO XML and sets it in the recordsQtyCECO variable"/>
        <logger message="#['\n\n[MobileXpense] GENERATING CECO FILE - ' + flowVars.recordsQtyCECO + '  RECORDS RECEIVED FROM SAP' ]" 
                level="INFO" 
                doc:name="CECO Info Log" 
                doc:description="Logs the CECO records number"/>
        
        <choice doc:name="Choice CECO Element" 
                doc:description="Verifies if there is records into the CECO XML, if so continues with the flow if not logs a warning message.">
            <when expression="recordsQtyCECO&gt;0">
                <component class="mx.abi.transformers.mxp.SAPXMLtoCECOCSV" 
                           doc:name="Transform XML to CECO CSV" 
                           doc:description="Transforms the XML to CECO CSV format."/>     
                <logger message="#['\n\n[MobileXpense] WRITING CECO FILE']" 
                        level="INFO" 
                        doc:name="Wrinting CECO File Log" 
                        doc:description="Logs a message which indicates that the CECO file will be written"/>
                
                <sftp:outbound-endpoint exchange-pattern="one-way" 
                                        host="${mxp_sftp.host}" 
                                        port="${mxp_sftp.port}" 
                                        responseTimeout="${mxp_sftp.responseTimeout}" 
                                        doc:name="Writing CECO File into SFTP" 
                                        outputPattern="#['DPT_ABI-1341_' + String.format('%02d', server.dateTime.getDayOfMonth()) + String.format( '%02d', server.dateTime.getMonth()) + String.format('%04d', server.dateTime.getYear()) + '.csv']" 
                                        keepFileOnError="true" 
                                        password="${mxp_sftp.password}" 
                                        path="${mxp_sftp.inboundDirectory}" 
                                        user="${mxp_sftp.user}" 
                                        encoding="UTF-8" 
                                        mimeType="text/csv" 
                                        doc:description="Writes the CECO file into OUTBOUND directory in the SFTP"/>
                <!--
                <ftp:outbound-endpoint host="${mxp_sftp.host}" 
                                       port="${mxp_sftp.port}" 
                                       path="${mxp_sftp.inboundDirectory}" 
                                       user="${mxp_sftp.user}" 
                                       password="${mxp_sftp.password}" 
                                       outputPattern="#['DPT_ABI-1341_' + String.format('%02d', server.dateTime.getDayOfMonth()) + String.format( '%02d', server.dateTime.getMonth()) + String.format('%04d', server.dateTime.getYear()) + '.csv']" 
                                       responseTimeout="300000" 
                                       doc:name="Writing CECO File into FTP" 
                                       encoding="UTF-8" 
                                       mimeType="text/csv"
                                       doc:description="Writes the CECO file into OUTBOUND directory in the SFTP"/>
             	-->
            </when>
            <otherwise>
                <logger message="#['\n\n[MobileXpense] CECO FILE WAS NOT GENERATED BECAUSE THERE IS NOT INFORMATION FOR THE DATE ' + flowVars.dataMasterDate]" 
                        level="INFO" 
                        doc:name="No CECO Information Log" 
                        doc:description="Logs a warning message which indicates that the XML doesn't have any CECO record"/>
            </otherwise>
        </choice>
        
        <remove-variable variableName="recordsQtyCECO" 
                         doc:name="Remove recordsQtyCECO" doc:description="Removes from the memory the recordsQtyCECO variable"/>
    </flow>
    
    <flow name="mxpWritePEPFileFlow" 
          processingStrategy="synchronous" doc:description="This flow transform the PEP XML to CSV format and writes it in the OUTBOUND folder in the SFTP">
    	<set-variable variableName="recordsQtyPEP" 
    	              value="#[xpath3('count(//ES_PEP/row)', payload)]" 
    	              doc:name="Set recordsQtyPEP Variable" 
    	              doc:description="Counts how many records have the PEP XML and sets it in the recordsQtyPEP variable."/>
        <logger message="#['\n\n[MobileXpense] GENERATING PEP FILE - ' + flowVars.recordsQtyPEP + '  RECORDS RECEIVED FROM SAP\n' ]" 
                level="INFO" 
                doc:name="PEP Info Log" 
                doc:description="Logs the PEP records number"/>
        
        <choice doc:name="Choice PEP Element" 
                doc:description="Verifies if there is records into the PEP XML, if so continues with the flow if not logs a warning message.">
            <when expression="recordsQtyPEP&gt;0">
                <component class="mx.abi.transformers.mxp.SAPXMLtoPEPCSV" 
                           doc:name="XML to PEP CSV" 
                           doc:description="Transforms the XML to PEP CSV format."/>
                <logger message="#['\n\n[MobileXpense] WRITTING PEP FILE']" 
                        level="INFO" 
                        doc:name="Writing PEP File Log" 
                        doc:description="Logs a message which indicates that the PEP file will be written"/>
                
                <sftp:outbound-endpoint exchange-pattern="one-way" 
                                        host="${mxp_sftp.host}" 
                                        port="${mxp_sftp.port}" 
                                        responseTimeout="${mxp_sftp.responseTimeout}" 
                                        doc:name="Writing PEP FIle into SFTP" 
                                        outputPattern="#['TSK_ABI-1341_' + String.format('%02d', server.dateTime.getDayOfMonth()) + String.format( '%02d', server.dateTime.getMonth()) + String.format('%04d', server.dateTime.getYear()) + '.csv']"  
                                        password="${mxp_sftp.password}" 
                                        path="${mxp_sftp.inboundDirectory}" 
                                        user="${mxp_sftp.user}" 
                                        encoding="UTF-8" 
                                        mimeType="text/csv" 
                                        doc:description="Writes the PEP file into OUTBOUND directory in the SFTP"/>
                <!--
                <ftp:outbound-endpoint host="${mxp_sftp.host}" 
                                       port="${mxp_sftp.port}" 
                                       path="${mxp_sftp.inboundDirectory}" 
                                       user="${mxp_sftp.user}" 
                                       password="${mxp_sftp.password}" 
                                       outputPattern="#['TSK_ABI-1341_' + String.format('%02d', server.dateTime.getDayOfMonth()) + String.format( '%02d', server.dateTime.getMonth()) + String.format('%04d', server.dateTime.getYear()) + '.csv']" 
                                       responseTimeout="300000" 
                                       doc:name="Writing PEP Element File into FTP" 
                                       encoding="UTF-8" 
                                       mimeType="text/csv"
                                       doc:description="Writes the PEP file into OUTBOUND directory in the SFTP"/>
                -->
            </when>
            <otherwise>
                <logger message="#['\n\n[MobileXpense] PEP FILE WAS NOT GENERATED BECAUSE THERE IS NOT INFORMATION FOR THE DATE ' + flowVars.dataMasterDate]" 
                        level="INFO" 
                        doc:name="No PEP Information Log" 
                        doc:description="Logs a warning message which indicates that the XML doesn't have any PEP record"/>
            </otherwise>
        </choice>

        <remove-variable variableName="recordsQtyPEP" 
                         doc:name="Remove recordsQtyPEP Variable" doc:description="Removes from the memory the recordsQtyPEP variable"/>
    </flow>    
</mule>
