<?xml version="1.0" encoding="UTF-8"?>

<mule xmlns:file="http://www.mulesoft.org/schema/mule/file"
      xmlns:schedulers="http://www.mulesoft.org/schema/mule/schedulers" 
      xmlns:mulexml="http://www.mulesoft.org/schema/mule/xml" 
      xmlns:scripting="http://www.mulesoft.org/schema/mule/scripting" 
      xmlns:sap="http://www.mulesoft.org/schema/mule/sap" 
      xmlns:dw="http://www.mulesoft.org/schema/mule/ee/dw" 
      xmlns:metadata="http://www.mulesoft.org/schema/mule/metadata" 
      xmlns:ftp="http://www.mulesoft.org/schema/mule/ee/ftp" 
      xmlns:sftp="http://www.mulesoft.org/schema/mule/sftp" 
      xmlns:tracking="http://www.mulesoft.org/schema/mule/ee/tracking" 
      xmlns="http://www.mulesoft.org/schema/mule/core" 
      xmlns:doc="http://www.mulesoft.org/schema/mule/documentation"
      xmlns:spring="http://www.springframework.org/schema/beans" 
      xmlns:xsi="http://www.w3.org/2001/XMLSchema-instance"
      xsi:schemaLocation="http://www.mulesoft.org/schema/mule/file http://www.mulesoft.org/schema/mule/file/current/mule-file.xsd
http://www.springframework.org/schema/beans http://www.springframework.org/schema/beans/spring-beans-current.xsd
http://www.mulesoft.org/schema/mule/core http://www.mulesoft.org/schema/mule/core/current/mule.xsd
http://www.mulesoft.org/schema/mule/sftp http://www.mulesoft.org/schema/mule/sftp/current/mule-sftp.xsd
http://www.mulesoft.org/schema/mule/ee/tracking http://www.mulesoft.org/schema/mule/ee/tracking/current/mule-tracking-ee.xsd
http://www.mulesoft.org/schema/mule/ee/ftp http://www.mulesoft.org/schema/mule/ee/ftp/current/mule-ftp-ee.xsd
http://www.mulesoft.org/schema/mule/ee/dw http://www.mulesoft.org/schema/mule/ee/dw/current/dw.xsd
http://www.mulesoft.org/schema/mule/sap http://www.mulesoft.org/schema/mule/sap/current/mule-sap.xsd
http://www.mulesoft.org/schema/mule/scripting http://www.mulesoft.org/schema/mule/scripting/current/mule-scripting.xsd
http://www.mulesoft.org/schema/mule/xml http://www.mulesoft.org/schema/mule/xml/current/mule-xml.xsd
http://www.mulesoft.org/schema/mule/schedulers http://www.mulesoft.org/schema/mule/schedulers/current/mule-schedulers.xsd">
                          
    <flow name="mxpAccountingPoliciesTransformationFlow" 
          processingStrategy="synchronous" 
          doc:description="This flow reads the accounting csv file and transfoms it to a structured list. Also calls the flow to send the policies information to SAP.">
        
        <sftp:inbound-endpoint host="${mxp_sftp.host}" 
                               port="${mxp_sftp.port}" 
                               path="${mxp_sftp.outboundDirectory}" 
                               user="${mxp_sftp.user}" 
                               password="${mxp_sftp.password}" 
                               responseTimeout="${mxp_sftp.responseTimeout}" 
                               doc:name="Reading Accounting File from SFTP" 
                               pollingFrequency="${mxp_sftp.pollingFrequency}" 
                               sizeCheckWaitTime="5000" 
                               archiveDir="${mxp_sftp.archiveDirectory}" 
                               doc:description="Reads the csv documents from the OUTBOUND directory">
        	<file:filename-wildcard-filter pattern="*.csv"></file:filename-wildcard-filter>
        </sftp:inbound-endpoint>
        <!--
       	<ftp:inbound-endpoint host="${mxp_sftp.host}" 
       	                      port="${mxp_sftp.port}" 
       	                      path="${mxp_sftp.outboundDirectory}" 
       	                      user="${mxp_sftp.user}" 
       	                      password="${mxp_sftp.password}" 
       	                      responseTimeout="10000" 
       	                      doc:name="Reading Accounting File from FTP"
       	                      doc:description="Reads the csv documents from the OUTBOUND directory"/>
       	-->
       	<logger message="#['\n\n********* STARTING - MobileXpense Accounting Policies  - FILE: ' + message.inboundProperties.originalFilename +' *******************']" 
                level="INFO" 
                doc:name="Starting Log" 
                doc:description="Logs the starting of the flow"/>
        <dw:transform-message metadata:id="0d4692e7-455b-45ce-9785-f32f8e126ffe" 
                              doc:name="File to Records List"
                              doc:description="Transforms the CSV file records to a list of java objects">
            <dw:input-payload doc:sample="sample_data\list_csv.csv"
                              mimeType="application/csv"/>
            <dw:set-payload>
                <![CDATA[
%dw 1.0
%output application/java
---
payload
                ]]>
            </dw:set-payload>
        </dw:transform-message>
        
        <logger level="INFO" 
                doc:name="Records List Log" 
                message="#[message.payloadAs(java.lang.String)]" 
                doc:description="Logs the list ob java objects"/>
        <set-variable variableName="appSource" 
                      value="MobileXpense" 
                      doc:name="Set appSource Variable" 
                      doc:description="Indicates the application name (mobileXpense) that runs the flow"/>
        <set-variable variableName="policiesQty" 
                      value="&quot;-1&quot;" 
                      doc:name="Set policiesQty Variable" 
                      doc:description="Creates the policiesQty variable and initializes to -1"/>
        <set-variable variableName="mxpCSVFormatDate" 
                      value="${mxp_csv.formatDate}" 
                      doc:name="Set mxpCSVFormatDate Variable" 
                      doc:description="Reads the date format of the CSV file from the properties file"/>
        <component class="mx.abi.transformers.mxp.PociliesCSVtoStructuredList" 
                   doc:name="Transforming to Structured List" 
                   doc:description="Transforms the java object list in a structured list (policies headers that include policies items)"/>
        <logger message="#['\n\n[MobileXpense] FILE CONVERTED TO STRUCTURED LIST:\n' + message.payloadAs(java.lang.String)]" 
                level="INFO" 
                doc:name="Structured List Log" 
                doc:description="Logs the structured list"/>
        
        <flow-ref name="mxpSendAccountingPoliciesToSAPFlow" 
                  doc:name="mxpSendAccountingPoliciesToSAPFlow" 
                  doc:description="Calls the mxpSendAccountingPoliciesToSAPFlow"/>
        <logger message="#['\n\n********* ENDING -' + flowVars.appSource +' Accounting Policies *******************']" 
                level="INFO" 
                doc:name="Ending Log" 
                doc:description="Logs the end of the flow"/>
                  
        <remove-variable variableName="appSource" 
                         doc:name="Remove appSource Variable" 
                         doc:description="Remove from memory the appSource variable"/>
        <remove-variable variableName="policiesQty" 
                         doc:name="Remove policiesQty Variable" 
                         doc:description="Remove from memory the policiesQty variable"/>
        <remove-variable variableName="mxpCSVFormatDate" 
                         doc:name="Remove mxpCSVFormatDate Variable" 
                         doc:description="Remove from memory the mxpCSVFormatDate variable"/>

    </flow>
</mule>
