﻿<?xml version="1.0" encoding="UTF-8"?>
<ES_CECO>
  <row id="0">
    <KOKRS>GMAB</KOKRS>
    <KOSTL>9006000178</KOSTL>
    <DATBI>9999-12-31</DATBI>
    <DATAB>2016-08-01</DATAB>
    <BKZKP/>
    <BUKRS>521</BUKRS>
    <GSBER/>
    <VERAK>Adolfo Rendn</VERAK>
    <VERAK_USER/>
    <KTEXT>Prueba</KTEXT>
    <ACTIVE/>
  </row>
  <row id="1">
    <KOKRS>GMAB</KOKRS>
    <KOSTL>9006000178</KOSTL>
    <DATBI>9999-12-31</DATBI>
    <DATAB>2016-08-01</DATAB>
    <BKZKP/>
    <BUKRS>521</BUKRS>
    <GSBER/>
    <VERAK>Adolfo Rend�ón</VERAK>
    <VERAK_USER/>
    <KTEXT>Prueba</KTEXT>
    <ACTIVE/>
  </row>
  <row id="2">
    <KOKRS>GMIX</KOKRS>
    <KOSTL>880OB000W0</KOSTL>
    <DATBI>9999-12-31</DATBI>
    <DATAB>2012-12-01</DATAB>
    <BKZKP/>
    <BUKRS>6001</BUKRS>
    <GSBER/>
    <VERAK>X</VERAK>
    <VERAK_USER/>
    <KTEXT>DepreciacionyAmortiz</KTEXT>
    <ACTIVE/>
  </row>
  <row id="3">
    <KOKRS>GMIX</KOKRS>
    <KOSTL>880OB000Z0</KOSTL>
    <DATBI>9999-12-31</DATBI>
    <DATAB>2012-12-01</DATAB>
    <BKZKP/>
    <BUKRS>6001</BUKRS>
    <GSBER/>
    <VERAK>X</VERAK>
    <VERAK_USER/>
    <KTEXT>DepreciacionyAmortiz</KTEXT>
    <ACTIVE/>
  </row>
  <row id="4">
    <KOKRS>GMIX</KOKRS>
    <KOSTL>880OB302C0</KOSTL>
    <DATBI>9999-12-31</DATBI>
    <DATAB>2012-12-01</DATAB>
    <BKZKP/>
    <BUKRS>6001</BUKRS>
    <GSBER/>
    <VERAK>x</VERAK>
    <VERAK_USER/>
    <KTEXT>Finanzas</KTEXT>
    <ACTIVE/>
  </row>
  <row id="5">
    <KOKRS>GMIX</KOKRS>
    <KOSTL>880OB403C0</KOSTL>
    <DATBI>9999-12-31</DATBI>
    <DATAB>2012-12-01</DATAB>
    <BKZKP/>
    <BUKRS>6001</BUKRS>
    <GSBER/>
    <VERAK>x</VERAK>
    <VERAK_USER/>
    <KTEXT>People</KTEXT>
    <ACTIVE/>
  </row>
  <row id="6">
    <KOKRS>GMIX</KOKRS>
    <KOSTL>880OBD11A0</KOSTL>
    <DATBI>9999-12-31</DATBI>
    <DATAB>2012-01-01</DATAB>
    <BKZKP/>
    <BUKRS>6001</BUKRS>
    <GSBER/>
    <VERAK>x</VERAK>
    <VERAK_USER/>
    <KTEXT>OperacionMetalFijosd</KTEXT>
    <ACTIVE/>
  </row>
  <row id="7">
    <KOKRS>GMIX</KOKRS>
    <KOSTL>880OBD1510</KOSTL>
    <DATBI>9999-12-31</DATBI>
    <DATAB>2012-12-01</DATAB>
    <BKZKP/>
    <BUKRS>6001</BUKRS>
    <GSBER/>
    <VERAK>X</VERAK>
    <VERAK_USER/>
    <KTEXT>MetalInstalacionesCe</KTEXT>
    <ACTIVE/>
  </row>
  <row id="8">
    <KOKRS>GMIX</KOKRS>
    <KOSTL>880OBD1610</KOSTL>
    <DATBI>9999-12-31</DATBI>
    <DATAB>2012-12-01</DATAB>
    <BKZKP/>
    <BUKRS>6001</BUKRS>
    <GSBER/>
    <VERAK>X</VERAK>
    <VERAK_USER/>
    <KTEXT>OperacionMetalInstal</KTEXT>
    <ACTIVE/>
  </row>
  <row id="9">
    <KOKRS>GMIX</KOKRS>
    <KOSTL>880OBD1710</KOSTL>
    <DATBI>9999-12-31</DATBI>
    <DATAB>2012-12-01</DATAB>
    <BKZKP/>
    <BUKRS>6001</BUKRS>
    <GSBER/>
    <VERAK>X</VERAK>
    <VERAK_USER/>
    <KTEXT>OperacionMetalInstal</KTEXT>
    <ACTIVE/>
  </row>
  <row id="10">
    <KOKRS>GMIX</KOKRS>
    <KOSTL>880OBD1810</KOSTL>
    <DATBI>9999-12-31</DATBI>
    <DATAB>2012-12-01</DATAB>
    <BKZKP/>
    <BUKRS>6001</BUKRS>
    <GSBER/>
    <VERAK>X</VERAK>
    <VERAK_USER/>
    <KTEXT>OperacionMetalInstal</KTEXT>
    <ACTIVE/>
  </row>
</ES_CECO>
