﻿<?xml version="1.0" encoding="UTF-8"?>
<export>
  <ET_RETURN>
    <row id="0">
      <TYPE>S</TYPE>
      <ID>RW</ID>
      <NUMBER>605</NUMBER>
      <MESSAGE>El documento se ha contabilizado correctamente: BKPFF 310000004730182016 DRUCLNT400</MESSAGE>
      <LOG_NO/>
      <LOG_MSG_NO>000000</LOG_MSG_NO>
      <MESSAGE_V1>BKPFF</MESSAGE_V1>
      <MESSAGE_V2>310000004730182016</MESSAGE_V2>
      <MESSAGE_V3>DRUCLNT400</MESSAGE_V3>
      <MESSAGE_V4/>
      <PARAMETER/>
      <ROW>0</ROW>
      <FIELD/>
      <SYSTEM>DRUCLNT400</SYSTEM>
    </row>
    <row id="1">
      <TYPE>S</TYPE>
      <ID>RW</ID>
      <NUMBER>605</NUMBER>
      <MESSAGE>El documento se ha contabilizado correctamente: BKPFF 310000004830182016 DRUCLNT400</MESSAGE>
      <LOG_NO/>
      <LOG_MSG_NO>000000</LOG_MSG_NO>
      <MESSAGE_V1>BKPFF</MESSAGE_V1>
      <MESSAGE_V2>310000004830182016</MESSAGE_V2>
      <MESSAGE_V3>DRUCLNT400</MESSAGE_V3>
      <MESSAGE_V4/>
      <PARAMETER/>
      <ROW>0</ROW>
      <FIELD/>
      <SYSTEM>DRUCLNT400</SYSTEM>
    </row>
    <row id="2">
      <TYPE>S</TYPE>
      <ID>RW</ID>
      <NUMBER>605</NUMBER>
      <MESSAGE>El documento se ha contabilizado correctamente: BKPFF 310000004930182016 DRUCLNT400</MESSAGE>
      <LOG_NO/>
      <LOG_MSG_NO>000000</LOG_MSG_NO>
      <MESSAGE_V1>BKPFF</MESSAGE_V1>
      <MESSAGE_V2>310000004930182016</MESSAGE_V2>
      <MESSAGE_V3>DRUCLNT400</MESSAGE_V3>
      <MESSAGE_V4/>
      <PARAMETER/>
      <ROW>0</ROW>
      <FIELD/>
      <SYSTEM>DRUCLNT400</SYSTEM>
    </row>
  </ET_RETURN>
</export>